-- MySQL dump 10.13  Distrib 8.0.43, for Linux (x86_64)
--
-- Host: localhost    Database: bu_universitaire
-- ------------------------------------------------------
-- Server version	8.0.43-0ubuntu0.24.04.1

/*!40101 SET @OLD_CHARACTER_SET_CLIENT=@@CHARACTER_SET_CLIENT */;
/*!40101 SET @OLD_CHARACTER_SET_RESULTS=@@CHARACTER_SET_RESULTS */;
/*!40101 SET @OLD_COLLATION_CONNECTION=@@COLLATION_CONNECTION */;
/*!50503 SET NAMES utf8mb4 */;
/*!40103 SET @OLD_TIME_ZONE=@@TIME_ZONE */;
/*!40103 SET TIME_ZONE='+00:00' */;
/*!40014 SET @OLD_UNIQUE_CHECKS=@@UNIQUE_CHECKS, UNIQUE_CHECKS=0 */;
/*!40014 SET @OLD_FOREIGN_KEY_CHECKS=@@FOREIGN_KEY_CHECKS, FOREIGN_KEY_CHECKS=0 */;
/*!40101 SET @OLD_SQL_MODE=@@SQL_MODE, SQL_MODE='NO_AUTO_VALUE_ON_ZERO' */;
/*!40111 SET @OLD_SQL_NOTES=@@SQL_NOTES, SQL_NOTES=0 */;

--
-- Table structure for table `emprunt`
--

DROP TABLE IF EXISTS `emprunt`;
/*!40101 SET @saved_cs_client     = @@character_set_client */;
/*!50503 SET character_set_client = utf8mb4 */;
CREATE TABLE `emprunt` (
  `id_emprunt` int NOT NULL AUTO_INCREMENT,
  `id_etudiant` int NOT NULL,
  `id_livre` int NOT NULL,
  `date_emprunt` date DEFAULT (curdate()),
  `nb_jours_max` int NOT NULL,
  `nb_jours_restant` int NOT NULL,
  `penalite` decimal(5,2) DEFAULT '0.00',
  `date_retour` date DEFAULT NULL,
  PRIMARY KEY (`id_emprunt`),
  KEY `idx_emprunt_etudiant` (`id_etudiant`),
  KEY `idx_emprunt_livre` (`id_livre`),
  CONSTRAINT `fk_emprunt_etudiant` FOREIGN KEY (`id_etudiant`) REFERENCES `etudiant` (`id_etudiant`),
  CONSTRAINT `fk_emprunt_livre` FOREIGN KEY (`id_livre`) REFERENCES `livre` (`id`)
) ENGINE=InnoDB AUTO_INCREMENT=365 DEFAULT CHARSET=utf8mb4 COLLATE=utf8mb4_0900_ai_ci;
/*!40101 SET character_set_client = @saved_cs_client */;

--
-- Dumping data for table `emprunt`
--

LOCK TABLES `emprunt` WRITE;
/*!40000 ALTER TABLE `emprunt` DISABLE KEYS */;
INSERT INTO `emprunt` VALUES (111,1454,67,'2025-08-11',24,18,0.00,'2025-09-04'),(112,1074,91,'2025-08-11',29,7,0.00,'2025-09-09'),(113,1286,78,'2025-08-06',24,16,0.00,'2025-08-30'),(114,1355,59,'2025-07-28',22,2,0.00,'2025-08-19'),(115,1067,77,'2025-07-22',11,5,0.00,'2025-08-02'),(116,1069,60,'2025-08-16',30,13,0.00,'2025-09-15'),(117,1394,5,'2025-07-17',26,10,0.00,'2025-08-12'),(118,1463,4,'2025-08-27',11,3,0.00,'2025-09-07'),(119,1393,58,'2025-07-19',14,8,0.00,'2025-08-02'),(120,1244,48,'2025-07-25',19,7,0.00,'2025-08-13'),(121,1089,60,'2025-08-03',13,0,1.72,'2025-08-16'),(122,1420,93,'2025-08-12',10,6,0.00,'2025-08-22'),(123,1416,4,'2025-08-09',7,5,0.00,'2025-08-16'),(124,1355,17,'2025-08-01',25,15,0.00,'2025-08-26'),(125,1098,15,'2025-07-09',19,11,0.00,'2025-07-28'),(126,1318,95,'2025-07-06',11,10,0.00,'2025-07-17'),(127,1386,56,'2025-07-13',18,11,0.00,'2025-07-31'),(128,1059,62,'2025-08-20',30,16,0.00,'2025-09-19'),(129,1383,55,'2025-07-28',17,7,0.00,'2025-08-14'),(130,1198,64,'2025-07-20',8,0,8.97,'2025-07-28'),(131,1273,59,'2025-07-21',24,2,0.00,'2025-08-14'),(132,1231,29,'2025-07-19',9,2,0.00,'2025-07-28'),(133,1195,34,'2025-08-01',8,7,0.00,'2025-08-09'),(134,1091,90,'2025-08-02',26,6,0.00,'2025-08-28'),(135,1326,71,'2025-07-28',7,7,0.00,'2025-08-04'),(136,1424,81,'2025-08-16',30,18,0.00,'2025-09-15'),(137,1307,18,'2025-08-02',11,2,0.00,'2025-08-13'),(138,1211,37,'2025-08-30',16,6,0.00,'2025-09-15'),(139,1267,98,'2025-08-23',13,2,0.00,'2025-09-05'),(140,1149,75,'2025-07-18',14,14,0.00,'2025-08-01'),(141,1316,40,'2025-07-17',9,6,0.00,'2025-07-26'),(142,1129,93,'2025-08-14',18,13,0.00,'2025-09-01'),(143,1363,71,'2025-07-16',20,13,0.00,'2025-08-05'),(144,1072,56,'2025-08-04',22,10,0.00,'2025-08-26'),(145,1321,34,'2025-07-14',22,11,0.00,'2025-08-05'),(146,1146,41,'2025-08-20',13,8,0.00,'2025-09-02'),(147,1018,65,'2025-08-02',26,26,0.00,'2025-08-28'),(148,1362,78,'2025-07-14',27,1,0.00,'2025-08-10'),(149,1296,4,'2025-08-03',7,0,1.87,'2025-08-10'),(150,1440,4,'2025-08-04',24,10,0.00,'2025-08-28'),(151,1463,84,'2025-08-29',12,12,0.00,'2025-09-10'),(152,1282,11,'2025-08-24',10,9,0.00,'2025-09-03'),(153,1204,51,'2025-08-19',22,15,0.00,'2025-09-10'),(154,1439,2,'2025-07-13',8,2,0.00,'2025-07-21'),(155,1352,1,'2025-07-31',23,8,0.00,'2025-08-23'),(156,1330,29,'2025-07-27',13,8,0.00,'2025-08-09'),(157,1373,17,'2025-07-29',21,16,0.00,'2025-08-19'),(158,1194,64,'2025-07-23',29,2,0.00,'2025-08-21'),(159,1225,62,'2025-07-11',12,8,0.00,'2025-07-23'),(160,1175,62,'2025-08-07',27,22,0.00,'2025-09-03'),(161,1217,82,'2025-08-26',19,10,0.00,'2025-09-14'),(162,1112,56,'2025-08-05',16,6,0.00,'2025-08-21'),(163,1170,44,'2025-07-13',8,4,0.00,'2025-07-21'),(164,1225,22,'2025-08-26',12,6,0.00,'2025-09-07'),(165,1278,81,'2025-07-05',7,6,0.00,'2025-07-12'),(166,1405,39,'2025-08-19',25,23,0.00,'2025-09-13'),(167,1268,63,'2025-08-19',16,8,0.00,'2025-09-04'),(168,1144,82,'2025-08-20',8,8,0.00,'2025-08-28'),(169,1383,89,'2025-07-12',27,5,0.00,'2025-08-08'),(170,1453,77,'2025-09-01',19,18,0.00,'2025-09-20'),(171,1198,52,'2025-08-16',21,0,5.61,'2025-09-06'),(172,1461,56,'2025-08-11',17,5,0.00,'2025-08-28'),(173,1101,56,'2025-07-27',28,7,0.00,'2025-08-24'),(174,1262,22,'2025-08-04',22,6,0.00,'2025-08-26'),(175,1348,28,'2025-08-01',19,4,0.00,'2025-08-20'),(176,1068,90,'2025-07-22',13,8,0.00,'2025-08-04'),(177,1242,48,'2025-07-31',14,11,0.00,'2025-08-14'),(178,1358,27,'2025-07-16',18,2,0.00,'2025-08-03'),(179,1156,46,'2025-07-12',21,15,0.00,'2025-08-02'),(180,1459,96,'2025-08-19',23,12,0.00,'2025-09-11'),(181,1388,95,'2025-07-10',10,3,0.00,'2025-07-20'),(182,1216,68,'2025-07-29',21,13,0.00,'2025-08-19'),(183,1073,96,'2025-08-31',17,17,0.00,'2025-09-17'),(184,1320,1,'2025-07-31',15,10,0.00,'2025-08-15'),(185,1413,89,'2025-08-23',23,16,0.00,'2025-09-15'),(186,1039,42,'2025-08-21',16,1,0.00,'2025-09-06'),(187,1121,86,'2025-07-12',9,6,0.00,'2025-07-21'),(188,1248,71,'2025-08-20',14,2,0.00,'2025-09-03'),(189,1214,32,'2025-07-22',27,18,0.00,'2025-08-18'),(190,1353,45,'2025-07-05',12,1,0.00,'2025-07-17'),(191,1153,23,'2025-07-21',17,4,0.00,'2025-08-07'),(192,1406,44,'2025-07-24',12,0,4.43,'2025-08-05'),(193,1153,42,'2025-08-07',13,1,0.00,'2025-08-20'),(194,1063,75,'2025-07-25',26,20,0.00,'2025-08-20'),(195,1268,10,'2025-08-22',11,2,0.00,'2025-09-02'),(196,1360,31,'2025-08-31',10,7,0.00,'2025-09-10'),(197,1203,98,'2025-08-19',11,5,0.00,'2025-08-30'),(198,1335,24,'2025-08-22',9,7,0.00,'2025-08-31'),(199,1062,85,'2025-07-07',26,2,0.00,'2025-08-02'),(200,1242,47,'2025-08-01',15,12,0.00,'2025-08-16'),(201,1430,94,'2025-08-08',12,6,0.00,'2025-08-20'),(202,1158,73,'2025-08-19',9,7,0.00,'2025-08-28'),(203,1137,34,'2025-07-06',13,4,0.00,'2025-07-19'),(204,1451,51,'2025-08-23',19,6,0.00,'2025-09-11'),(205,1476,85,'2025-08-29',8,6,0.00,'2025-09-06'),(206,1180,30,'2025-07-23',20,4,0.00,'2025-08-12'),(207,1340,96,'2025-08-29',13,13,0.00,'2025-09-11'),(208,1115,1,'2025-08-21',30,25,0.00,'2025-09-20'),(209,1263,24,'2025-07-23',7,5,0.00,'2025-07-30'),(210,1272,74,'2025-08-09',22,20,0.00,'2025-08-31'),(211,1269,86,'2025-08-10',14,8,0.00,'2025-08-24'),(212,1372,93,'2025-07-06',17,15,0.00,'2025-07-23'),(213,1146,14,'2025-08-12',23,19,0.00,'2025-09-04'),(214,1399,97,'2025-08-27',15,0,5.05,'2025-09-11'),(215,1351,64,'2025-08-03',15,15,0.00,'2025-08-18'),(216,1453,92,'2025-07-14',16,3,0.00,'2025-07-30'),(217,1257,12,'2025-08-02',30,26,0.00,'2025-09-01'),(218,1221,76,'2025-08-22',29,2,0.00,'2025-09-20'),(219,1099,49,'2025-08-19',30,0,2.24,'2025-09-18'),(220,1174,50,'2025-08-30',21,12,0.00,'2025-09-20'),(221,1099,14,'2025-08-18',26,24,0.00,'2025-09-13'),(222,1194,15,'2025-07-13',12,12,0.00,'2025-07-25'),(223,1002,84,'2025-08-22',21,20,0.00,'2025-09-12'),(224,1029,29,'2025-08-05',10,4,0.00,'2025-08-15'),(225,1220,33,'2025-07-26',12,9,0.00,'2025-08-07'),(226,1425,78,'2025-07-16',17,9,0.00,'2025-08-02'),(227,1393,48,'2025-08-28',7,5,0.00,'2025-09-04'),(228,1003,47,'2025-08-12',30,6,0.00,'2025-09-11'),(229,1053,45,'2025-07-31',26,21,0.00,'2025-08-26'),(230,1216,19,'2025-08-04',14,4,0.00,'2025-08-18'),(231,1379,20,'2025-08-07',10,6,0.00,'2025-08-17'),(232,1265,20,'2025-07-19',19,1,0.00,'2025-08-07'),(233,1387,63,'2025-07-31',30,7,0.00,'2025-08-30'),(234,1255,78,'2025-08-14',9,9,0.00,'2025-08-23'),(235,1182,37,'2025-07-08',7,6,0.00,'2025-07-15'),(236,1029,51,'2025-07-24',22,10,0.00,'2025-08-15'),(237,1287,43,'2025-08-26',11,6,0.00,'2025-09-06'),(238,1115,69,'2025-08-05',11,4,0.00,'2025-08-16'),(239,1300,43,'2025-07-10',16,2,0.00,'2025-07-26'),(240,1458,87,'2025-08-23',23,23,0.00,'2025-09-15'),(241,1269,80,'2025-08-22',23,1,0.00,'2025-09-14'),(242,1327,15,'2025-07-30',25,20,0.00,'2025-08-24'),(243,1392,74,'2025-07-20',29,25,0.00,'2025-08-18'),(244,1141,74,'2025-07-07',22,3,0.00,'2025-07-29'),(245,1255,62,'2025-08-22',9,9,0.00,'2025-08-31'),(246,1481,6,'2025-07-06',21,10,0.00,'2025-07-27'),(247,1191,75,'2025-08-10',30,17,0.00,'2025-09-09'),(248,1453,96,'2025-08-24',27,20,0.00,'2025-09-20'),(249,1006,13,'2025-08-05',15,1,0.00,'2025-08-20'),(250,1163,19,'2025-08-15',10,0,2.89,'2025-08-25'),(251,1423,8,'2025-07-31',8,7,0.00,'2025-08-08'),(252,1420,82,'2025-08-05',15,10,0.00,'2025-08-20'),(253,1077,65,'2025-08-14',24,24,0.00,'2025-09-07'),(254,1410,91,'2025-08-06',7,0,5.08,'2025-08-13'),(255,1046,50,'2025-07-27',7,0,4.10,'2025-08-03'),(256,1362,94,'2025-07-23',21,19,0.00,'2025-08-13'),(257,1329,49,'2025-07-10',26,12,0.00,'2025-08-05'),(258,1393,4,'2025-07-20',26,21,0.00,'2025-08-15'),(259,1074,20,'2025-08-20',7,4,0.00,'2025-08-27'),(260,1133,31,'2025-07-13',25,23,0.00,'2025-08-07'),(261,1040,94,'2025-07-06',27,25,0.00,'2025-08-02'),(262,1374,83,'2025-08-17',18,13,0.00,'2025-09-04'),(263,1250,23,'2025-07-13',20,3,0.00,'2025-08-02'),(264,1062,39,'2025-08-21',20,0,6.96,'2025-09-10'),(265,1124,37,'2025-08-03',19,14,0.00,'2025-08-22'),(266,1007,90,'2025-07-06',28,10,0.00,'2025-08-03'),(267,1360,71,'2025-08-12',23,8,0.00,'2025-09-04'),(268,1250,90,'2025-08-04',16,8,0.00,'2025-08-20'),(269,1043,53,'2025-07-20',11,8,0.00,'2025-07-31'),(270,1068,50,'2025-07-26',12,4,0.00,'2025-08-07'),(271,1212,32,'2025-07-24',7,4,0.00,'2025-07-31'),(272,1495,60,'2025-08-19',28,24,0.00,'2025-09-16'),(273,1413,4,'2025-07-29',11,0,0.36,'2025-08-09'),(274,1354,5,'2025-08-22',15,14,0.00,'2025-09-06'),(275,1144,87,'2025-08-19',15,12,0.00,'2025-09-03'),(276,1491,79,'2025-08-16',26,25,0.00,'2025-09-11'),(277,1284,15,'2025-07-27',27,1,0.00,'2025-08-23'),(278,1135,31,'2025-08-08',27,18,0.00,'2025-09-04'),(279,1390,58,'2025-07-14',27,7,0.00,'2025-08-10'),(280,1323,23,'2025-07-28',20,20,0.00,'2025-08-17'),(281,1275,8,'2025-07-26',19,7,0.00,'2025-08-14'),(282,1199,49,'2025-08-02',26,1,0.00,'2025-08-28'),(283,1437,77,'2025-08-27',28,25,0.00,'2025-09-24'),(284,1441,23,'2025-08-22',8,3,0.00,'2025-08-30'),(285,1484,58,'2025-08-05',28,11,0.00,'2025-09-02'),(286,1380,9,'2025-07-30',20,12,0.00,'2025-08-19'),(287,1156,16,'2025-08-02',8,3,0.00,'2025-08-10'),(288,1140,70,'2025-07-07',30,22,0.00,'2025-08-06'),(289,1067,71,'2025-08-11',14,0,2.33,'2025-08-25'),(290,1403,15,'2025-08-05',8,5,0.00,'2025-08-13'),(291,1356,98,'2025-07-11',22,20,0.00,'2025-08-02'),(292,1342,77,'2025-08-29',22,9,0.00,'2025-09-20'),(293,1361,6,'2025-07-27',19,2,0.00,'2025-08-15'),(294,1210,82,'2025-08-14',9,9,0.00,'2025-08-23'),(295,1360,39,'2025-07-08',17,9,0.00,'2025-07-25'),(296,1216,80,'2025-08-12',29,7,0.00,'2025-09-10'),(297,1474,94,'2025-07-22',29,6,0.00,'2025-08-20'),(298,1462,72,'2025-07-08',26,6,0.00,'2025-08-03'),(299,1209,73,'2025-08-26',30,6,0.00,'2025-09-25'),(300,1020,68,'2025-08-09',18,3,0.00,'2025-08-27'),(301,1043,43,'2025-08-30',15,4,0.00,'2025-09-14'),(302,1218,68,'2025-07-17',15,14,0.00,'2025-08-01'),(303,1436,25,'2025-07-08',18,17,0.00,'2025-07-26'),(304,1218,33,'2025-08-18',19,15,0.00,'2025-09-06'),(305,1490,57,'2025-08-27',29,28,0.00,'2025-09-25'),(306,1122,25,'2025-08-16',16,7,0.00,'2025-09-01'),(307,1272,77,'2025-07-31',9,2,0.00,'2025-08-09'),(308,1193,32,'2025-07-07',10,4,0.00,'2025-07-17'),(309,1361,90,'2025-07-19',26,26,0.00,'2025-08-14'),(310,1154,9,'2025-07-23',22,20,0.00,'2025-08-14'),(311,1179,92,'2025-07-11',19,14,0.00,'2025-07-30'),(312,1453,73,'2025-07-24',24,10,0.00,'2025-08-17'),(313,1154,39,'2025-08-24',15,10,0.00,'2025-09-08'),(314,1451,88,'2025-08-15',24,21,0.00,'2025-09-08'),(315,1240,70,'2025-07-27',25,7,0.00,'2025-08-21'),(316,1294,83,'2025-07-10',26,24,0.00,'2025-08-05'),(317,1419,27,'2025-07-09',30,0,9.08,'2025-08-08'),(318,1271,65,'2025-07-08',12,6,0.00,'2025-07-20'),(319,1268,60,'2025-08-29',9,2,0.00,'2025-09-07'),(320,1369,82,'2025-09-02',14,14,0.00,'2025-09-16'),(321,1137,72,'2025-07-22',19,18,0.00,'2025-08-10'),(322,1461,94,'2025-08-17',20,8,0.00,'2025-09-06'),(323,1003,8,'2025-07-05',7,4,0.00,'2025-07-12'),(324,1107,16,'2025-07-25',29,6,0.00,'2025-08-23'),(325,1211,25,'2025-08-26',7,6,0.00,'2025-09-02'),(326,1396,31,'2025-08-16',22,2,0.00,'2025-09-07'),(327,1193,52,'2025-07-14',27,22,0.00,'2025-08-10'),(328,1171,80,'2025-07-09',9,9,0.00,'2025-07-18'),(329,1240,35,'2025-08-11',18,12,0.00,'2025-08-29'),(330,1445,89,'2025-08-22',7,4,0.00,'2025-08-29'),(331,1157,47,'2025-07-17',10,6,0.00,'2025-07-27'),(332,1464,62,'2025-07-16',30,26,0.00,'2025-08-15'),(333,1322,29,'2025-07-28',22,22,0.00,'2025-08-19'),(334,1464,95,'2025-08-05',29,26,0.00,'2025-09-03'),(335,1328,74,'2025-07-07',8,5,0.00,'2025-07-15'),(336,1311,60,'2025-08-09',14,3,0.00,'2025-08-23'),(337,1380,9,'2025-08-12',29,1,0.00,'2025-09-10'),(338,1016,23,'2025-07-09',24,23,0.00,'2025-08-02'),(339,1365,92,'2025-07-31',23,18,0.00,'2025-08-23'),(340,1417,22,'2025-07-28',9,5,0.00,'2025-08-06'),(341,1436,44,'2025-08-11',30,1,0.00,'2025-09-10'),(342,1272,97,'2025-07-26',12,9,0.00,'2025-08-07'),(343,1204,42,'2025-07-15',29,19,0.00,'2025-08-13'),(344,1482,60,'2025-07-31',14,5,0.00,'2025-08-14'),(345,1365,30,'2025-09-01',9,6,0.00,'2025-09-10'),(346,1333,74,'2025-07-24',21,5,0.00,'2025-08-14'),(347,1222,14,'2025-07-31',20,12,0.00,'2025-08-20'),(348,1436,6,'2025-07-19',30,24,0.00,'2025-08-18'),(349,1404,19,'2025-08-22',29,4,0.00,'2025-09-20'),(350,1135,75,'2025-07-08',13,8,0.00,'2025-07-21'),(351,1348,62,'2025-07-31',26,12,0.00,'2025-08-26'),(352,1156,15,'2025-08-10',23,0,2.13,'2025-09-02'),(353,1361,12,'2025-07-08',16,6,0.00,'2025-07-24'),(354,1249,76,'2025-07-18',7,4,0.00,'2025-07-25'),(355,1486,89,'2025-07-26',8,3,0.00,'2025-08-03'),(356,1328,50,'2025-07-21',15,5,0.00,'2025-08-05'),(357,1038,22,'2025-08-22',25,20,0.00,'2025-09-16'),(358,1373,38,'2025-07-17',27,0,2.58,'2025-08-13'),(359,1301,52,'2025-08-28',7,7,0.00,'2025-09-04'),(360,1227,56,'2025-08-06',15,2,0.00,'2025-08-21'),(362,1001,1,'2025-09-08',15,15,0.00,'2025-09-23'),(363,1002,2,'2025-09-08',15,15,0.00,'2025-09-08'),(364,1004,50,'2025-09-11',15,15,0.00,'2025-09-11');
/*!40000 ALTER TABLE `emprunt` ENABLE KEYS */;
UNLOCK TABLES;
/*!50003 SET @saved_cs_client      = @@character_set_client */ ;
/*!50003 SET @saved_cs_results     = @@character_set_results */ ;
/*!50003 SET @saved_col_connection = @@collation_connection */ ;
/*!50003 SET character_set_client  = utf8mb4 */ ;
/*!50003 SET character_set_results = utf8mb4 */ ;
/*!50003 SET collation_connection  = utf8mb4_0900_ai_ci */ ;
/*!50003 SET @saved_sql_mode       = @@sql_mode */ ;
/*!50003 SET sql_mode              = 'ONLY_FULL_GROUP_BY,STRICT_TRANS_TABLES,NO_ZERO_IN_DATE,NO_ZERO_DATE,ERROR_FOR_DIVISION_BY_ZERO,NO_ENGINE_SUBSTITUTION' */ ;
DELIMITER ;;
/*!50003 CREATE*/ /*!50017 DEFINER=`root`@`localhost`*/ /*!50003 TRIGGER `calcul_frais_retard` BEFORE UPDATE ON `emprunt` FOR EACH ROW BEGIN
    DECLARE v_retard INT;

    
    SET v_retard = DATEDIFF(NEW.date_retour, OLD.date_emprunt) - OLD.nb_jours_max;

    
    IF v_retard > 0 THEN
        SET NEW.penalite = v_retard * 0.5; 
    ELSE
        SET NEW.penalite = 0;
    END IF;
END */;;
DELIMITER ;
/*!50003 SET sql_mode              = @saved_sql_mode */ ;
/*!50003 SET character_set_client  = @saved_cs_client */ ;
/*!50003 SET character_set_results = @saved_cs_results */ ;
/*!50003 SET collation_connection  = @saved_col_connection */ ;

--
-- Table structure for table `etudiant`
--

DROP TABLE IF EXISTS `etudiant`;
/*!40101 SET @saved_cs_client     = @@character_set_client */;
/*!50503 SET character_set_client = utf8mb4 */;
CREATE TABLE `etudiant` (
  `id_etudiant` int NOT NULL AUTO_INCREMENT,
  `nom` varchar(100) NOT NULL,
  `prenom` varchar(100) NOT NULL,
  `formation` varchar(100) NOT NULL,
  `mail` varchar(100) NOT NULL,
  PRIMARY KEY (`id_etudiant`)
) ENGINE=InnoDB AUTO_INCREMENT=1500 DEFAULT CHARSET=utf8mb4 COLLATE=utf8mb4_0900_ai_ci;
/*!40101 SET character_set_client = @saved_cs_client */;

--
-- Dumping data for table `etudiant`
--

LOCK TABLES `etudiant` WRITE;
/*!40000 ALTER TABLE `etudiant` DISABLE KEYS */;
INSERT INTO `etudiant` VALUES (1001,'Hamilton','Thomas','mathematique','michaeltucker@example.net'),(1002,'Martin','Matthew','economie','robinsonronald@example.org'),(1003,'Sullivan','Oscar','informatique','fpowell@example.com'),(1004,'Neal','Lori','droit','changgregory@example.net'),(1005,'Bailey','Ryan','mathematique','dianajohnson@example.org'),(1006,'Holloway','Peter','mathematique','michael40@example.net'),(1007,'Oliver','Jonathan','droit','xclark@example.org'),(1008,'Cooper','Matthew','mathematique','colinromero@example.org'),(1009,'Butler','Amanda','economie','mitchellmarcus@example.com'),(1010,'Morgan','Taylor','economie','welchkimberly@example.net'),(1011,'Jones','Samantha','droit','paulagalloway@example.net'),(1012,'Coleman','Savannah','informatique','rwalters@example.com'),(1013,'Escobar','Michelle','informatique','barretttaylor@example.org'),(1014,'Brown','Lisa','mathematique','patrick29@example.org'),(1015,'Quinn','Michael','informatique','scottchristopher@example.com'),(1016,'Duffy','Thomas','mathematique','ybrady@example.org'),(1017,'Ortiz','Amy','mathematique','vickimccullough@example.net'),(1018,'Ferguson','Angela','economie','hreed@example.net'),(1019,'Wiggins','Julie','informatique','christian14@example.net'),(1020,'Wood','Linda','droit','iwebb@example.com'),(1021,'Maldonado','Patrick','droit','robersonnicholas@example.com'),(1022,'Dodson','Sherry','economie','rluna@example.com'),(1023,'Foley','Melissa','economie','moralesjason@example.com'),(1024,'Lee','Eric','droit','clevine@example.org'),(1025,'Johnson','Karl','droit','xklein@example.com'),(1026,'Fernandez','Steven','informatique','tracy17@example.com'),(1027,'Alvarez','Randy','economie','kennethgreer@example.org'),(1028,'Murphy','Kelly','mathematique','robert12@example.org'),(1029,'Adams','Jeremy','economie','holmescristina@example.org'),(1030,'Carr','Jodi','droit','jeremy78@example.com'),(1031,'Weiss','Margaret','economie','cody47@example.org'),(1032,'Hanna','Luis','mathematique','mwood@example.net'),(1033,'Gonzalez','Brandon','mathematique','ambergonzalez@example.com'),(1034,'Mcfarland','Kristina','economie','fzamora@example.com'),(1035,'Lee','Jacob','economie','cheryl43@example.com'),(1036,'Jenkins','Emily','droit','ibeasley@example.com'),(1037,'Lewis','Vickie','droit','bliu@example.com'),(1038,'Ferguson','Michael','informatique','turnerchristopher@example.org'),(1039,'Frazier','Kimberly','droit','belljocelyn@example.net'),(1040,'Guerrero','Michael','droit','vmoody@example.com'),(1041,'Hampton','Jodi','droit','lesliemorton@example.com'),(1042,'Gay','Eric','informatique','gabriellewilliams@example.net'),(1043,'Hess','Joseph','economie','raymondhardy@example.net'),(1044,'Martinez','Charles','droit','seanhill@example.org'),(1045,'Griffin','Ashley','economie','hokevin@example.org'),(1046,'Phillips','Laura','mathematique','beth73@example.org'),(1047,'Hayes','Gregory','droit','latasha71@example.com'),(1048,'Gonzalez','Taylor','mathematique','rshaffer@example.com'),(1049,'Kim','Dana','mathematique','duanejohnson@example.org'),(1050,'Peterson','Kayla','economie','kristin29@example.com'),(1051,'Smith','Robert','economie','omiller@example.org'),(1052,'Ortiz','Carolyn','economie','bdavis@example.org'),(1053,'Stanley','Barbara','economie','mikemoss@example.net'),(1054,'Martin','Brittany','economie','davidjackson@example.org'),(1055,'Miranda','Anthony','informatique','jenna70@example.org'),(1056,'Fitzgerald','Jessica','mathematique','alexabrown@example.org'),(1057,'Moody','Oscar','informatique','hallamanda@example.net'),(1058,'Carpenter','Robert','economie','watersbrittany@example.org'),(1059,'Thomas','Jessica','informatique','josephrangel@example.org'),(1060,'Hayes','Brandy','economie','vhernandez@example.org'),(1061,'Johnson','Nathaniel','informatique','laceynash@example.com'),(1062,'Merritt','Daniel','mathematique','vargasalexis@example.org'),(1063,'Mcdaniel','Bryan','informatique','ericksonheather@example.com'),(1064,'Frost','Carl','mathematique','susanalexander@example.net'),(1065,'Whitaker','Evan','droit','olsonemily@example.com'),(1066,'Jenkins','Kelsey','droit','ssullivan@example.com'),(1067,'Miller','Alejandro','informatique','courtneyjohnson@example.org'),(1068,'Marsh','Raven','economie','garciafrederick@example.org'),(1069,'Martin','Pamela','droit','juan83@example.com'),(1070,'Washington','David','mathematique','kmoore@example.org'),(1071,'Parsons','Mindy','droit','jessica62@example.org'),(1072,'Rose','Renee','droit','jeffreygilbert@example.com'),(1073,'Huynh','Jasmine','mathematique','lhunter@example.com'),(1074,'Gregory','Sean','economie','lindsey67@example.com'),(1075,'Greer','Matthew','mathematique','bautistarobert@example.net'),(1076,'Ashley','Erik','economie','robertvargas@example.org'),(1077,'Meyer','Jacob','mathematique','ibaxter@example.net'),(1078,'Robinson','Kathleen','mathematique','lukecain@example.com'),(1079,'Jones','Amy','economie','jeremydouglas@example.net'),(1080,'Gibson','Mark','droit','suzanne03@example.com'),(1081,'Chaney','Kevin','informatique','oconnelleric@example.com'),(1082,'Collier','Justin','mathematique','barbermartha@example.org'),(1083,'Turner','Lindsay','droit','msmith@example.net'),(1084,'Stewart','Dwayne','droit','mitchellestes@example.com'),(1085,'Dean','Joyce','droit','robin67@example.com'),(1086,'Gutierrez','David','droit','sydney10@example.com'),(1087,'Garza','Kyle','droit','marygonzalez@example.net'),(1088,'Chavez','Rachael','informatique','whitewilliam@example.net'),(1089,'Powell','Anita','economie','jeremy14@example.com'),(1090,'Mejia','Leonard','economie','willie91@example.net'),(1091,'Mcclure','Shelby','economie','james96@example.org'),(1092,'Murray','Alexander','economie','brandyterrell@example.org'),(1093,'Barnes','Brad','economie','steven19@example.com'),(1094,'Johnson','Lucas','mathematique','cookgary@example.net'),(1095,'Tran','Matthew','economie','stephanie24@example.org'),(1096,'Rhodes','Vanessa','economie','ashley03@example.com'),(1097,'Byrd','Lisa','droit','cward@example.org'),(1098,'Williams','Tiffany','droit','michaelschultz@example.org'),(1099,'Morgan','Ashlee','droit','lawrence58@example.org'),(1100,'Cooper','Jessica','informatique','jose82@example.org'),(1101,'Elliott','Lisa','economie','christy99@example.org'),(1102,'Jackson','Jeffrey','informatique','wrightrenee@example.net'),(1103,'Garcia','Patricia','economie','mlevine@example.net'),(1104,'Freeman','Sherry','economie','westtimothy@example.org'),(1105,'Larsen','Aaron','mathematique','churchlouis@example.net'),(1106,'Payne','Ann','informatique','ricelinda@example.org'),(1107,'Garcia','Marcus','economie','ybrown@example.org'),(1108,'Wise','Carol','mathematique','bakernicole@example.net'),(1109,'Sullivan','Carlos','droit','james01@example.org'),(1110,'Pena','Dennis','informatique','christinewatts@example.com'),(1111,'Harrington','Zachary','informatique','andreaevans@example.com'),(1112,'Johnson','Renee','informatique','tbeck@example.com'),(1113,'Robertson','Tyrone','informatique','cortezvickie@example.org'),(1114,'Cole','Anita','mathematique','doughertyharry@example.net'),(1115,'Edwards','Wendy','informatique','shall@example.com'),(1116,'Mccarthy','Ryan','mathematique','eric88@example.net'),(1117,'Brown','Michelle','mathematique','tylermonroe@example.com'),(1118,'Miller','Lynn','droit','mejiamelissa@example.org'),(1119,'Gross','Matthew','mathematique','kimberly58@example.net'),(1120,'Williams','Erin','mathematique','dpittman@example.com'),(1121,'Guzman','Brian','droit','eugene41@example.org'),(1122,'Ramos','Michelle','economie','crystal55@example.com'),(1123,'Velez','Brian','mathematique','kwilliams@example.org'),(1124,'Daniels','Dana','mathematique','lopezdavid@example.net'),(1125,'Wright','Emily','economie','qdavis@example.net'),(1126,'Vance','Lisa','economie','mmcgee@example.org'),(1127,'Underwood','Julie','droit','laura18@example.com'),(1128,'Hooper','Warren','mathematique','johnsonjacob@example.com'),(1129,'Singleton','Kevin','informatique','ajones@example.net'),(1130,'Mccarthy','Lori','informatique','maryvargas@example.net'),(1131,'Collins','Mary','informatique','abbottbreanna@example.com'),(1132,'Ellis','Donna','droit','stevensrobert@example.net'),(1133,'Kline','Angela','mathematique','thompsonandrew@example.net'),(1134,'Herman','Kim','economie','robertsandoval@example.org'),(1135,'Freeman','Cassandra','informatique','dhancock@example.com'),(1136,'Callahan','Christopher','mathematique','jbailey@example.net'),(1137,'Bruce','Stephanie','informatique','randall27@example.com'),(1138,'Benson','Brandi','mathematique','david53@example.net'),(1139,'Hernandez','Leslie','mathematique','zlowe@example.com'),(1140,'Campbell','Jackie','economie','scottwheeler@example.org'),(1141,'Brown','Natalie','droit','adrienne23@example.net'),(1142,'Snyder','Rodney','informatique','laura90@example.com'),(1143,'Wright','Carla','economie','robert23@example.com'),(1144,'Russell','Adrian','economie','kmadden@example.net'),(1145,'Wilson','Denise','mathematique','williamsmarissa@example.org'),(1146,'Mcintosh','Kyle','economie','frankbarry@example.com'),(1147,'Hunter','Melissa','mathematique','kimdominguez@example.net'),(1148,'Hess','Lisa','mathematique','kellycuevas@example.com'),(1149,'Campbell','Christopher','economie','ymoses@example.net'),(1150,'Anderson','Troy','mathematique','brittneypeterson@example.net'),(1151,'White','Brittany','economie','mlewis@example.com'),(1152,'Gonzalez','Chelsea','droit','youngbryan@example.com'),(1153,'Young','Jessica','informatique','anthonymorales@example.net'),(1154,'Mcdaniel','Richard','droit','mark80@example.com'),(1155,'Williams','Nancy','informatique','christinabrown@example.net'),(1156,'Simpson','Melissa','mathematique','shelly40@example.net'),(1157,'Barnes','Angie','informatique','santanapatrick@example.com'),(1158,'Tran','Cynthia','economie','daniellogan@example.net'),(1159,'King','Jacqueline','economie','james27@example.org'),(1160,'Smith','Marc','droit','lisamiller@example.org'),(1161,'Avery','Phillip','droit','qnolan@example.org'),(1162,'Adkins','Jorge','mathematique','matthewhall@example.com'),(1163,'Robinson','Kyle','mathematique','patriciawise@example.net'),(1164,'Thomas','Kimberly','droit','larmstrong@example.com'),(1165,'Johnson','Gerald','informatique','timothymiller@example.com'),(1166,'Beck','Roy','informatique','khernandez@example.org'),(1167,'Kelly','Dawn','mathematique','rose28@example.com'),(1168,'Smith','Willie','droit','jenniferramirez@example.net'),(1169,'Garcia','April','economie','alice34@example.com'),(1170,'Erickson','Sherry','economie','allison54@example.net'),(1171,'Lewis','Craig','mathematique','jacksonashley@example.com'),(1172,'Jones','Barbara','economie','gonzalezjoseph@example.net'),(1173,'Jackson','Andrew','economie','jessicasmith@example.net'),(1174,'Nixon','Lisa','economie','bryan11@example.org'),(1175,'Smith','Monica','economie','tallen@example.org'),(1176,'Thomas','Joshua','informatique','kristen18@example.net'),(1177,'Bailey','Nathan','economie','michael96@example.com'),(1178,'Jones','Julie','economie','vdavis@example.net'),(1179,'Thomas','Mary','droit','karllarson@example.com'),(1180,'Khan','Emily','mathematique','ronald91@example.com'),(1181,'Garcia','Corey','informatique','christophermiller@example.com'),(1182,'Davis','Ariel','droit','sergiowatts@example.org'),(1183,'Arroyo','Randy','economie','williamrosales@example.org'),(1184,'Barton','Joseph','economie','louis97@example.com'),(1185,'Ford','Victor','mathematique','westmichael@example.com'),(1186,'Ruiz','Monica','economie','denisehuffman@example.org'),(1187,'James','Joseph','economie','tateerin@example.com'),(1188,'Nunez','Veronica','informatique','christopher69@example.org'),(1189,'Carpenter','Michele','informatique','kimberly38@example.org'),(1190,'White','Wayne','mathematique','zcrane@example.com'),(1191,'Ingram','Lisa','informatique','briantaylor@example.net'),(1192,'Nguyen','Tammy','informatique','edickerson@example.org'),(1193,'Clark','James','economie','ericksonraven@example.com'),(1194,'Walker','Paul','mathematique','daydanielle@example.org'),(1195,'Horn','Erica','informatique','mendozakeith@example.com'),(1196,'Tapia','Christine','informatique','donaldbrown@example.net'),(1197,'Marks','Stephanie','mathematique','amandatran@example.org'),(1198,'Aguilar','John','economie','aoneill@example.com'),(1199,'Harris','Amy','informatique','kenneth31@example.org'),(1200,'Allison','Fred','droit','smithjohnathan@example.org'),(1201,'Brown','Dennis','mathematique','wilsonerika@example.com'),(1202,'Chaney','Nicole','economie','destinyjames@example.org'),(1203,'Miles','Matthew','mathematique','vle@example.net'),(1204,'Berry','Daniel','economie','patricia96@example.org'),(1205,'Salas','Michelle','droit','vanessa87@example.net'),(1206,'Hill','Allison','informatique','olsongail@example.net'),(1207,'Moore','Angel','droit','sharonmoore@example.net'),(1208,'Padilla','Lori','droit','chambersjames@example.net'),(1209,'Simpson','Kelly','droit','stephen22@example.net'),(1210,'Lloyd','Gabriela','economie','mckinneytimothy@example.net'),(1211,'Kerr','Matthew','informatique','brownnorman@example.org'),(1212,'Alexander','Bonnie','informatique','wrightwilliam@example.org'),(1213,'Blanchard','Edward','droit','derekbaker@example.net'),(1214,'Arroyo','Andrew','economie','orice@example.org'),(1215,'Frederick','Victoria','mathematique','garyfrazier@example.net'),(1216,'Boyd','Brittany','mathematique','garciawilliam@example.org'),(1217,'Webster','Mary','mathematique','tjackson@example.com'),(1218,'Mata','Christopher','droit','crosstroy@example.org'),(1219,'Garrison','Jordan','informatique','chuff@example.net'),(1220,'Wright','Shelly','droit','colleennguyen@example.com'),(1221,'Larson','Michael','informatique','tinaherrera@example.org'),(1222,'Cortez','Marcus','economie','lindahorton@example.net'),(1223,'Watkins','James','informatique','dhanson@example.com'),(1224,'Munoz','Brandon','informatique','kmarshall@example.com'),(1225,'Cox','Michael','informatique','joseph76@example.org'),(1226,'Perry','Robert','informatique','garciacourtney@example.com'),(1227,'Dawson','Ryan','mathematique','adrian44@example.org'),(1228,'Cox','William','droit','pearsonalexandra@example.com'),(1229,'Martin','Amber','mathematique','louisduncan@example.net'),(1230,'West','Amber','mathematique','pgibson@example.org'),(1231,'Dorsey','Stephen','droit','hoganwilliam@example.net'),(1232,'Little','Abigail','droit','vsuarez@example.net'),(1233,'Johnston','Sydney','economie','lindseyharold@example.net'),(1234,'Osborne','Brendan','economie','kimberly43@example.com'),(1235,'Higgins','Shannon','mathematique','acostajacob@example.net'),(1236,'Wright','Taylor','economie','dale13@example.com'),(1237,'Rodriguez','Robert','mathematique','kristensparks@example.com'),(1238,'Foster','Troy','droit','brent76@example.org'),(1239,'Castaneda','Julie','droit','mercadomelinda@example.org'),(1240,'Potter','Kimberly','informatique','julie13@example.com'),(1241,'Abbott','Cole','informatique','gonzalezaaron@example.com'),(1242,'Johnson','David','droit','jesse14@example.net'),(1243,'Moore','Kelly','mathematique','richard96@example.net'),(1244,'Collins','Rhonda','droit','samantha54@example.org'),(1245,'Wong','Shannon','economie','medinavictor@example.org'),(1246,'Leonard','Michael','informatique','gordondiana@example.net'),(1247,'Pena','Danielle','mathematique','pamela62@example.org'),(1248,'Mathis','John','droit','hayesadam@example.org'),(1249,'Rice','Christopher','economie','tponce@example.net'),(1250,'Stout','Steven','mathematique','matthewanthony@example.org'),(1251,'Roberts','Jacob','mathematique','ujackson@example.net'),(1252,'Walker','Julia','mathematique','stokesleah@example.org'),(1253,'Fleming','Haley','economie','john05@example.com'),(1254,'Wilson','Lauren','mathematique','nicholas48@example.com'),(1255,'Ayala','Tammy','economie','kortega@example.net'),(1256,'Brooks','Karen','economie','dtaylor@example.net'),(1257,'Powell','David','mathematique','elijahstout@example.net'),(1258,'Mason','Daniel','droit','nealana@example.net'),(1259,'Morales','Samuel','droit','lopezstacey@example.com'),(1260,'Jones','Heather','informatique','teresaking@example.com'),(1261,'Haynes','Lance','economie','ronald95@example.org'),(1262,'Roberts','Kristin','economie','vbrooks@example.com'),(1263,'Russell','Darryl','mathematique','georgearnold@example.org'),(1264,'Mays','Lindsey','mathematique','nathanielwhite@example.net'),(1265,'Fowler','Andre','informatique','fevans@example.org'),(1266,'Robinson','John','mathematique','courtney14@example.net'),(1267,'Townsend','Brittany','economie','christinaarmstrong@example.org'),(1268,'Fernandez','Rebecca','economie','bonniewilliams@example.com'),(1269,'Jones','Vincent','mathematique','jeffduncan@example.org'),(1270,'Dunn','Allen','informatique','michael99@example.com'),(1271,'Wallace','Kathy','informatique','thompsonstacy@example.net'),(1272,'Alvarez','Ryan','mathematique','gregory60@example.com'),(1273,'Brown','Paula','droit','schaeferbrett@example.com'),(1274,'Melton','Deborah','mathematique','davidweiss@example.org'),(1275,'Weber','Ronnie','droit','johnreyes@example.org'),(1276,'Stout','Carl','economie','eric91@example.com'),(1277,'Lin','Adam','informatique','johnnyjefferson@example.com'),(1278,'Foster','David','mathematique','kwright@example.net'),(1279,'Wilson','Jacqueline','mathematique','amanda04@example.net'),(1280,'Clark','Jack','economie','ithompson@example.net'),(1281,'Logan','Todd','droit','mark93@example.net'),(1282,'Watson','Melissa','droit','lori79@example.net'),(1283,'Kline','Joshua','droit','kbates@example.net'),(1284,'Cole','Kerri','mathematique','owright@example.org'),(1285,'Taylor','Amber','droit','joel44@example.com'),(1286,'Vargas','Theresa','informatique','andrewrussell@example.org'),(1287,'Kelly','April','mathematique','lking@example.net'),(1288,'Terry','Rebecca','mathematique','butlerjodi@example.net'),(1289,'Flowers','Amy','economie','nicholaswatts@example.com'),(1290,'Williams','Richard','economie','vtaylor@example.com'),(1291,'Martinez','Gabriel','economie','stoutmelissa@example.net'),(1292,'Daniels','Kimberly','droit','andreritter@example.org'),(1293,'Yu','Joseph','economie','robinsonbrenda@example.net'),(1294,'Oliver','Johnny','droit','kristen03@example.com'),(1295,'Mcclure','Stefanie','economie','tiffanychapman@example.net'),(1296,'Nicholson','Michael','droit','umurphy@example.com'),(1297,'Lopez','Bonnie','droit','davidoliver@example.net'),(1298,'Townsend','Linda','economie','hudsonkeith@example.com'),(1299,'Jones','Adam','mathematique','karenpeterson@example.net'),(1300,'Gutierrez','Carol','informatique','debrareed@example.net'),(1301,'Williams','Brianna','informatique','bward@example.net'),(1302,'Jacobson','Christina','mathematique','wendy08@example.org'),(1303,'Ward','Thomas','mathematique','ptaylor@example.net'),(1304,'Walker','Veronica','informatique','kwright@example.com'),(1305,'Huang','Jacob','droit','timothypierce@example.net'),(1306,'Vance','Benjamin','mathematique','saundersjohn@example.org'),(1307,'Butler','Mark','economie','beverly93@example.org'),(1308,'Barker','Julie','droit','julieturner@example.com'),(1309,'Swanson','Nicole','informatique','destes@example.com'),(1310,'Holloway','Samuel','mathematique','brittanymorgan@example.org'),(1311,'Christian','Matthew','informatique','arnoldbrianna@example.net'),(1312,'Blevins','Shane','economie','brandon64@example.com'),(1313,'Hughes','Jennifer','mathematique','seanmoreno@example.org'),(1314,'Carter','Anthony','informatique','danielangela@example.org'),(1315,'Lewis','Jason','droit','smithkaren@example.net'),(1316,'Meadows','Veronica','droit','gbarnett@example.net'),(1317,'Roberts','Mia','mathematique','tyler65@example.org'),(1318,'Curry','Marc','mathematique','udiaz@example.net'),(1319,'Wheeler','Lucas','mathematique','nbryant@example.com'),(1320,'Barrett','Bill','informatique','gutierrezlauren@example.com'),(1321,'Young','David','informatique','lynnmary@example.org'),(1322,'Johnson','Jason','informatique','carrierubio@example.net'),(1323,'Mills','Bryan','droit','kingkyle@example.org'),(1324,'Montgomery','Christopher','droit','heather81@example.org'),(1325,'Reed','Jenny','economie','christina58@example.net'),(1326,'Ramos','Wayne','droit','howellmiranda@example.com'),(1327,'Beck','Donna','mathematique','daniel86@example.org'),(1328,'Beasley','Jacob','informatique','cohenbrett@example.com'),(1329,'Brown','Edward','economie','gilldaniel@example.com'),(1330,'Johnson','Bryan','mathematique','elizabeth49@example.org'),(1331,'Peterson','David','informatique','xbenson@example.net'),(1332,'Baker','Cynthia','droit','emily54@example.com'),(1333,'Foster','Kimberly','droit','uburke@example.net'),(1334,'Guerrero','John','droit','leedavid@example.org'),(1335,'Carter','Jennifer','informatique','andrew69@example.org'),(1336,'Montgomery','Jordan','mathematique','brewerleslie@example.org'),(1337,'Becker','Terry','droit','russellleonard@example.com'),(1338,'Lee','David','informatique','jonesjohn@example.net'),(1339,'Mitchell','Nicholas','economie','hmiller@example.org'),(1340,'Brennan','Lisa','economie','ricky52@example.net'),(1341,'Gomez','Gabriel','mathematique','dawnpetty@example.com'),(1342,'Woods','Aaron','economie','brookeluna@example.net'),(1343,'Ramirez','Nathan','mathematique','pjohns@example.net'),(1344,'Gardner','Emily','mathematique','michaelburke@example.org'),(1345,'Morales','Richard','economie','bschmidt@example.net'),(1346,'Carpenter','Amy','mathematique','briana48@example.com'),(1347,'Moore','Julie','economie','wooddaniel@example.net'),(1348,'Jones','Alexandra','droit','zfrost@example.com'),(1349,'Horn','Alyssa','droit','ashleytrujillo@example.org'),(1350,'Mercer','Megan','mathematique','katherine73@example.com'),(1351,'Fernandez','Teresa','informatique','fanderson@example.com'),(1352,'Howe','Abigail','mathematique','millsrachel@example.com'),(1353,'Long','Thomas','informatique','bridgesmichael@example.org'),(1354,'Craig','Yesenia','informatique','danielhartman@example.org'),(1355,'Cook','Jeffrey','droit','martinezsusan@example.org'),(1356,'Sanders','Rodney','droit','anthonysimmons@example.org'),(1357,'Lane','Douglas','mathematique','baileywhite@example.net'),(1358,'Thomas','Michael','mathematique','conwayalexandria@example.com'),(1359,'Fox','James','economie','lindsay03@example.com'),(1360,'Watson','Andrew','mathematique','kara99@example.com'),(1361,'Cordova','Maria','mathematique','lauraschneider@example.com'),(1362,'Hendricks','Wendy','mathematique','philipkaiser@example.org'),(1363,'Hodge','Cynthia','informatique','dustintaylor@example.com'),(1364,'Hill','Katie','droit','elizabethmathews@example.org'),(1365,'Patton','Lisa','droit','calexander@example.com'),(1366,'Smith','Katrina','droit','kevin83@example.org'),(1367,'Jackson','Matthew','droit','james73@example.com'),(1368,'Jones','Jeffrey','economie','melissahoward@example.org'),(1369,'Brandt','Alex','economie','eric42@example.org'),(1370,'Rodriguez','Amanda','economie','sara77@example.net'),(1371,'Evans','Austin','informatique','teresacampbell@example.org'),(1372,'Burns','Faith','informatique','christopherpeterson@example.net'),(1373,'Larson','James','droit','pearsonangela@example.org'),(1374,'Alvarez','Courtney','droit','tallen@example.org'),(1375,'Smith','Jeremy','mathematique','tylerhoover@example.com'),(1376,'Rocha','Michael','mathematique','scott55@example.net'),(1377,'Zhang','George','droit','renee13@example.com'),(1378,'Stewart','Joseph','economie','beltrandebra@example.org'),(1379,'Rose','James','droit','jack56@example.org'),(1380,'Schmidt','Eric','droit','kellyclay@example.org'),(1381,'Chen','Megan','economie','ihayes@example.com'),(1382,'Jackson','Rachael','economie','suzannesmith@example.org'),(1383,'Clayton','Rachel','economie','othomas@example.com'),(1384,'Hahn','Melissa','informatique','theresafisher@example.net'),(1385,'Lowery','Shaun','informatique','carrfred@example.org'),(1386,'Miller','Christopher','economie','bradley26@example.net'),(1387,'Joseph','Mia','mathematique','williamsmichael@example.com'),(1388,'Thomas','Shelly','informatique','martinmendez@example.com'),(1389,'Miller','Ryan','droit','loretta21@example.net'),(1390,'Jones','Laura','mathematique','kimberly62@example.org'),(1391,'Jones','Patrick','informatique','justin03@example.com'),(1392,'Gardner','Matthew','informatique','mcneilroger@example.org'),(1393,'Boone','Brittany','economie','dallen@example.net'),(1394,'Young','Mary','droit','meredithtaylor@example.com'),(1395,'Patterson','Jose','mathematique','michaelmonroe@example.com'),(1396,'Schultz','Morgan','droit','sara80@example.com'),(1397,'Gonzalez','Nancy','mathematique','blackjamie@example.com'),(1398,'Price','Rodney','mathematique','robertfuller@example.com'),(1399,'Davis','David','droit','lijames@example.org'),(1400,'Thomas','Stacey','droit','deborahgarza@example.com'),(1401,'Thomas','Phillip','droit','xcolon@example.org'),(1402,'Bonilla','Jared','economie','ydixon@example.com'),(1403,'Crane','Loretta','mathematique','adamskevin@example.com'),(1404,'Caldwell','Ernest','droit','vsmith@example.net'),(1405,'Hunter','Christopher','droit','rachelanderson@example.com'),(1406,'Burch','Sherry','economie','virginiabrown@example.com'),(1407,'Mccullough','Krista','droit','melissa85@example.org'),(1408,'Houston','Ashley','droit','jonathanconley@example.com'),(1409,'George','Jerry','droit','bhatfield@example.org'),(1410,'Ford','Dylan','mathematique','colemanann@example.org'),(1411,'Johnson','John','mathematique','wray@example.com'),(1412,'Kim','Dennis','mathematique','kelseysanchez@example.com'),(1413,'Mcbride','Maria','droit','brianzhang@example.org'),(1414,'Harris','Michelle','informatique','nmills@example.com'),(1415,'Pearson','Erica','economie','cunninghammichelle@example.com'),(1416,'Ferguson','Tom','droit','douglasthomas@example.com'),(1417,'Padilla','Charles','economie','gillaaron@example.org'),(1418,'Medina','Robert','droit','katie45@example.net'),(1419,'King','William','mathematique','upowers@example.org'),(1420,'Perkins','Courtney','economie','kaylareynolds@example.net'),(1421,'Lynch','Lindsay','informatique','lhartman@example.net'),(1422,'Lopez','Meredith','economie','mhernandez@example.net'),(1423,'Hayes','Cody','informatique','ycook@example.org'),(1424,'Jimenez','Charles','mathematique','antonio02@example.net'),(1425,'Flores','Henry','droit','danieltanner@example.com'),(1426,'Pierce','Jennifer','economie','teresali@example.org'),(1427,'Hancock','Garrett','mathematique','jeff17@example.org'),(1428,'Jensen','Melissa','economie','brianvargas@example.com'),(1429,'Macias','Elizabeth','economie','kellylewis@example.com'),(1430,'Lopez','Richard','mathematique','rhonda89@example.org'),(1431,'Pierce','Eric','economie','michaelmason@example.org'),(1432,'Coleman','Ashlee','mathematique','herringregina@example.com'),(1433,'Gomez','Emily','mathematique','tylerhayes@example.net'),(1434,'Harris','Nancy','droit','william25@example.net'),(1435,'Mayer','Allison','informatique','sdominguez@example.com'),(1436,'Hansen','Travis','informatique','martinezpaul@example.com'),(1437,'Williams','Crystal','informatique','robert60@example.org'),(1438,'James','Lisa','economie','xsmith@example.com'),(1439,'White','Joshua','economie','elizabeth86@example.net'),(1440,'Jones','Olivia','droit','jennifer34@example.net'),(1441,'Sanchez','Brandon','informatique','nelsonsarah@example.net'),(1442,'Hughes','David','droit','graykimberly@example.com'),(1443,'Reed','Larry','informatique','erinbautista@example.org'),(1444,'Ryan','Julie','droit','martinbrian@example.org'),(1445,'Diaz','Brandon','economie','ukennedy@example.net'),(1446,'Cortez','Mary','droit','longdennis@example.com'),(1447,'Brown','Allison','economie','kellychoi@example.net'),(1448,'Gardner','Shirley','mathematique','awashington@example.org'),(1449,'Cooper','Amy','informatique','nicholas65@example.net'),(1450,'Lopez','David','mathematique','charlesrebecca@example.org'),(1451,'Carter','Christopher','informatique','brendalopez@example.net'),(1452,'Lee','Brenda','informatique','berrychristopher@example.com'),(1453,'Cortez','James','droit','wsmith@example.net'),(1454,'Wilkinson','Bryan','droit','jcallahan@example.com'),(1455,'Mcintyre','Danny','mathematique','elizabethtaylor@example.net'),(1456,'Brown','Andre','economie','james25@example.net'),(1457,'Avila','Ricky','economie','kimberly15@example.org'),(1458,'Williamson','Cristian','informatique','qwalker@example.org'),(1459,'Freeman','Pamela','informatique','shane04@example.com'),(1460,'Miller','Adam','economie','cynthia66@example.com'),(1461,'Glenn','Jason','economie','brenda19@example.net'),(1462,'Woodard','Chelsea','droit','matthew07@example.net'),(1463,'Burke','Leah','informatique','smithrichard@example.org'),(1464,'Hickman','Mark','mathematique','william15@example.net'),(1465,'Duncan','John','informatique','yjohns@example.org'),(1466,'Lambert','Peter','mathematique','jamesglenn@example.net'),(1467,'Miller','John','droit','linda34@example.org'),(1468,'Obrien','Catherine','mathematique','jonathan35@example.org'),(1469,'Davis','Rebecca','economie','gordonjoshua@example.org'),(1470,'Diaz','Elizabeth','mathematique','justinhinton@example.org'),(1471,'Trevino','Paula','informatique','dlara@example.org'),(1472,'Stewart','Stanley','informatique','amynelson@example.com'),(1473,'Ford','James','mathematique','nicholsmelanie@example.net'),(1474,'Jordan','Lori','economie','shannonfoster@example.net'),(1475,'Knight','Mary','droit','kathryncarter@example.org'),(1476,'Hill','Michael','informatique','hbowman@example.com'),(1477,'Brown','Karen','informatique','tammymiller@example.net'),(1478,'Watkins','Lauren','droit','andrea06@example.net'),(1479,'Anderson','Courtney','informatique','amandagreen@example.net'),(1480,'Valenzuela','Chloe','droit','andrew37@example.org'),(1481,'Brown','Dennis','informatique','riceshawn@example.org'),(1482,'Turner','Cheryl','informatique','whitney80@example.com'),(1483,'Barron','George','mathematique','wilsonamy@example.org'),(1484,'Ray','Theresa','economie','harrismark@example.org'),(1485,'Hansen','Justin','mathematique','ethandawson@example.org'),(1486,'Perkins','Margaret','economie','tgreen@example.com'),(1487,'Butler','Tina','economie','dbrock@example.net'),(1488,'Bennett','Virginia','droit','charles04@example.net'),(1489,'Larsen','Katie','droit','stephanie04@example.com'),(1490,'Alexander','Denise','droit','cooperbenjamin@example.net'),(1491,'Garcia','Danny','informatique','melissa72@example.net'),(1492,'Melendez','Douglas','informatique','prodriguez@example.net'),(1493,'Fischer','Eric','informatique','jacksonraymond@example.net'),(1494,'Wagner','Steven','mathematique','jennifer22@example.org'),(1495,'Wang','Joel','economie','hebertjason@example.com'),(1496,'Parker','Amber','informatique','danieljimenez@example.net'),(1497,'Matthews','Mark','informatique','nancy08@example.com'),(1498,'Evans','Sherry','economie','hmorris@example.net'),(1499,'Simmons','Sandy','mathematique','riosthomas@example.org');
/*!40000 ALTER TABLE `etudiant` ENABLE KEYS */;
UNLOCK TABLES;

--
-- Table structure for table `livre`
--

DROP TABLE IF EXISTS `livre`;
/*!40101 SET @saved_cs_client     = @@character_set_client */;
/*!50503 SET character_set_client = utf8mb4 */;
CREATE TABLE `livre` (
  `id` int NOT NULL AUTO_INCREMENT,
  `titre` varchar(100) NOT NULL,
  `auteur` varchar(100) NOT NULL,
  `nb_pages` int DEFAULT NULL,
  PRIMARY KEY (`id`),
  CONSTRAINT `livre_chk_1` CHECK ((`nb_pages` > 0))
) ENGINE=InnoDB AUTO_INCREMENT=100 DEFAULT CHARSET=utf8mb4 COLLATE=utf8mb4_0900_ai_ci;
/*!40101 SET character_set_client = @saved_cs_client */;

--
-- Dumping data for table `livre`
--

LOCK TABLES `livre` WRITE;
/*!40000 ALTER TABLE `livre` DISABLE KEYS */;
INSERT INTO `livre` VALUES (1,'Alicia Montgomery','Good knowledge statement remember.',550),(2,'Kelly Collier','Of television.',592),(3,'Tammy Perry','Vote population much language for.',157),(4,'Emma Schultz','Number test several.',502),(5,'Mrs. Susan Santos','Parent discussion rise civil close.',653),(6,'Stanley Clark','Color street rule cold.',506),(7,'Elizabeth Mayer','Wonder then station.',780),(8,'Shawn Chapman','Item brother movement current would.',601),(9,'Joe Sellers','Start interest hospital other.',423),(10,'Ashley Marshall','Customer that expert.',219),(11,'Scott Lopez','Himself surface nation true.',679),(12,'Ms. Marilyn Mack DDS','Leg yard car.',195),(13,'William Miller','Growth future.',192),(14,'Casey Vargas','Ability number late need.',867),(15,'Manuel Newman','Nothing stage minute.',835),(16,'Sarah Larson','With police strong compare picture.',857),(17,'Ashley Jordan','Picture more data relate apply.',650),(18,'Joseph Anderson','Game rate really leg.',778),(19,'William Williams','Money occur north break.',663),(20,'Ryan Pham','Which use run wonder social.',780),(21,'Penny Walker','By else contain east article.',786),(22,'Erica Simmons','Pretty safe entire.',273),(23,'Krista Myers','Strong want data bill.',205),(24,'Barbara Hernandez','Kitchen investment art may.',208),(25,'Teresa Simpson','Pattern least around.',529),(26,'Casey Torres','Assume explain.',994),(27,'Craig Robinson','Campaign approach trouble itself.',896),(28,'Mrs. Deborah Johnson','Region blue season score quite.',854),(29,'Thomas Perkins','Fly itself send partner.',660),(30,'Sabrina Richardson','Writer ask radio style option.',359),(31,'Cindy Monroe','Talk long seek.',757),(32,'Christine Henderson','Option tough summer.',177),(33,'Dr. Erica Smith','Pick message situation.',469),(34,'Joyce Harrison','End administration door line.',465),(35,'Lauren Bauer','Who if eye something.',245),(36,'Jason Garcia DDS','Leg behavior ago.',137),(37,'Elizabeth Brown','Someone our stay.',352),(38,'Erin Morgan','Figure budget provide term.',231),(39,'Nathaniel Mcneil','Then opportunity need account.',119),(40,'Amanda Hall','Style set arm station.',984),(41,'Jessica Fuentes','Join feel late.',380),(42,'Dr. Linda Cooke','Federal expect get.',869),(43,'Kimberly Garrett','Medical walk investment local.',499),(44,'Richard Davidson','Smile organization reach administration thought.',603),(45,'Scott Dunn','Hit family nor write.',339),(46,'Antonio Flores','Offer mother vote.',197),(47,'James Castillo','Away operation kitchen game.',827),(48,'Kathleen Clay','Analysis practice energy.',541),(49,'Madison Ramos','Congress strategy majority.',553),(50,'Karen Compton','Capital skin training popular.',583),(51,'Jon Powell','Process east read usually true.',915),(52,'Glenn Jones','Per chance focus interesting.',965),(53,'Rebecca Lawson','Lose sure history gun.',901),(54,'Amanda Torres','Suggest development candidate subject.',980),(55,'Michael Wright','Market everyone chance arm number.',667),(56,'Anthony Schmidt','Speak less design.',942),(57,'George Evans','Describe white prepare.',483),(58,'Brandy Brown','Smile factor.',863),(59,'Kathleen Woods','Deal simply future.',230),(60,'Rebecca Evans','Expect investment cause over.',829),(61,'William Flores','Store may figure.',814),(62,'Randy Carey','Bring require Republican.',462),(63,'Joseph Barnes','Size kitchen treatment structure.',634),(64,'Joseph Roach','Question walk party.',461),(65,'Robert Hudson','List behavior oil suffer.',206),(66,'Manuel Warren','Customer senior social.',859),(67,'Kristin Silva','Clearly dog allow.',548),(68,'David Salazar','Know reveal young throughout learn.',763),(69,'Robert Flores','Sell pick.',299),(70,'Christopher Gray','Recently development offer month.',602),(71,'Chad Lutz','Truth middle.',701),(72,'Amanda Estrada','Probably provide some box.',660),(73,'Ms. Lauren Perez','Method last answer.',815),(74,'Alan Watson','Heart past now control Mr.',362),(75,'Sheila Simon','Reason trouble treatment positive enter.',523),(76,'Joseph Cortez','Seven plant happen truth.',884),(77,'Henry Williams','Lot themselves.',186),(78,'Sean Robinson','War already a.',228),(79,'Whitney Bradford','Thus light yes.',392),(80,'Rhonda Walsh','Coach land turn compare policy.',232),(81,'Wesley Richardson','Yet serve south.',422),(82,'Robert Jones','High else shoulder church.',477),(83,'Robert Baker','Concern boy official.',278),(84,'Jaime Keller','Arrive spring watch.',869),(85,'Traci Hoffman','Medical reduce.',749),(86,'Kimberly Larson','Son matter summer fire.',519),(87,'Bob Bradshaw','Argue rule sell.',970),(88,'Robert Rice','Thought image same.',678),(89,'Taylor Carter','Old person fly state.',148),(90,'Jacob Cole','Good eye.',423),(91,'Melissa Shannon','Guess career commercial thousand.',741),(92,'Gail Walsh','Light growth industry chance huge.',669),(93,'Daniel Mclaughlin','Claim far born beautiful response.',797),(94,'Jessica Smith','War above us mind picture.',946),(95,'Shawn Hicks','Point game.',396),(96,'Lindsey Mendoza','Either just every direction.',339),(97,'Tammy Nguyen','Above yet turn.',620),(98,'Dr. David Jacobs','Strong offer reduce try.',932),(99,'John Richards','That economic when visit quite.',825);
/*!40000 ALTER TABLE `livre` ENABLE KEYS */;
UNLOCK TABLES;
/*!40103 SET TIME_ZONE=@OLD_TIME_ZONE */;

/*!40101 SET SQL_MODE=@OLD_SQL_MODE */;
/*!40014 SET FOREIGN_KEY_CHECKS=@OLD_FOREIGN_KEY_CHECKS */;
/*!40014 SET UNIQUE_CHECKS=@OLD_UNIQUE_CHECKS */;
/*!40101 SET CHARACTER_SET_CLIENT=@OLD_CHARACTER_SET_CLIENT */;
/*!40101 SET CHARACTER_SET_RESULTS=@OLD_CHARACTER_SET_RESULTS */;
/*!40101 SET COLLATION_CONNECTION=@OLD_COLLATION_CONNECTION */;
/*!40111 SET SQL_NOTES=@OLD_SQL_NOTES */;

-- Dump completed on 2025-09-11 16:35:02
